target,uq,adaptation,d_rmse,d_rmse_lo,d_rmse_hi,p_rmse,d_coverage,d_cov_lo,d_cov_hi,p_coverage
FD001,mcdropout,adabn,8.9762,6.2076,11.5974,0.0,-0.1867,-0.2633,-0.1133,0.0
FD001,mcdropout,condnorm,21.7671,17.5105,25.7641,0.0,-0.5467,-0.6333,-0.45,0.0
FD001,mcdropout,anchored,1.3302,0.3014,2.3722,0.0152,-0.01,-0.0433,0.0233,0.5816
FD001,mcdropout,anchored+adabn,9.0426,6.2519,11.6731,0.0,-0.19,-0.2667,-0.1133,0.0
FD001,ensemble,adabn,12.0677,9.6731,14.3072,0.0,-0.07,-0.1233,-0.0167,0.0112
FD001,ensemble,condnorm,24.87,21.2759,28.2743,0.0,-0.31,-0.3867,-0.2333,0.0
FD001,ensemble,anchored,2.4702,1.4883,3.3851,0.0,-0.0267,-0.0567,0.0033,0.0976
FD001,ensemble,anchored+adabn,12.6607,10.2168,14.9328,0.0,-0.0867,-0.14,-0.0333,0.0004
FD001,gp,adabn,12.3564,9.445,15.0431,0.0,-0.1833,-0.26,-0.1067,0.0
FD001,gp,condnorm,23.6955,19.4598,27.644,0.0,-0.4233,-0.5233,-0.32,0.0
FD001,gp,anchored,1.2649,0.156,2.3473,0.0288,-0.0233,-0.0567,0.0067,0.144
FD001,gp,anchored+adabn,12.9275,10.0215,15.6906,0.0,-0.18,-0.2567,-0.1033,0.0
FD002,mcdropout,adabn,-14.1137,-16.4108,-11.8293,0.0,0.0785,0.018,0.139,0.0112
FD002,mcdropout,condnorm,-29.9933,-35.9546,-23.9832,0.0,0.0245,-0.0399,0.0888,0.4592
FD002,mcdropout,anchored,-41.2009,-45.8682,-36.4218,0.0,0.2934,0.2432,0.3411,0.0
FD002,mcdropout,anchored+adabn,-39.2358,-43.8861,-34.5538,0.0,0.3115,0.2587,0.3629,0.0
FD002,ensemble,adabn,-18.7593,-21.7835,-15.6501,0.0,0.3822,0.3179,0.4453,0.0
FD002,ensemble,condnorm,-31.1023,-37.2606,-24.8494,0.0,0.5302,0.4633,0.5946,0.0
FD002,ensemble,anchored,-43.761,-48.7452,-38.5837,0.0,0.6165,0.5495,0.6782,0.0
FD002,ensemble,anchored+adabn,-41.8258,-46.8493,-36.7589,0.0,0.6088,0.5444,0.6705,0.0
FD002,gp,adabn,5.6498,3.3691,7.9312,0.0,-0.5933,-0.6461,-0.5405,0.0
FD002,gp,condnorm,-4.0752,-7.5074,-0.7087,0.0168,-0.4157,-0.4672,-0.3629,0.0
FD002,gp,anchored,-15.8376,-18.6184,-13.0506,0.0,-0.1879,-0.2252,-0.1532,0.0
FD002,gp,anchored+adabn,-14.123,-16.5856,-11.6261,0.0,-0.2175,-0.2574,-0.1789,0.0
FD003,mcdropout,adabn,-15.2814,-20.878,-8.9003,0.0,-0.03,-0.12,0.06,0.5176
FD003,mcdropout,condnorm,-4.5295,-9.5815,1.4535,0.13,-0.17,-0.28,-0.0633,0.0032
FD003,mcdropout,anchored,-3.2192,-4.5346,-1.7202,0.0004,-0.03,-0.0667,0.0067,0.1188
FD003,mcdropout,anchored+adabn,-14.9511,-20.5307,-8.6429,0.0,-0.0333,-0.1267,0.0567,0.4732
FD003,ensemble,adabn,-15.8412,-22.0638,-8.7977,0.0,0.11,0.06,0.16,0.0
FD003,ensemble,condnorm,-3.2884,-8.763,3.1072,0.2916,-0.0167,-0.0933,0.0567,0.6604
FD003,ensemble,anchored,-2.3537,-3.465,-0.9996,0.002,0.0467,0.0033,0.0933,0.0452
FD003,ensemble,anchored+adabn,-15.5733,-21.8698,-8.5263,0.0004,0.1267,0.0767,0.1733,0.0
FD003,gp,adabn,1.1996,-1.3991,4.1683,0.3576,-0.11,-0.1733,-0.0467,0.0004
FD003,gp,condnorm,7.7765,4.1181,11.9428,0.0,-0.2333,-0.32,-0.1533,0.0
FD003,gp,anchored,1.6457,0.2627,3.1987,0.014,-0.0033,-0.04,0.0367,0.886
FD003,gp,anchored+adabn,1.3336,-1.3108,4.3893,0.3172,-0.11,-0.1767,-0.0467,0.0008
FD004,mcdropout,adabn,-12.8562,-15.2927,-10.3659,0.0,0.0202,-0.0363,0.0766,0.458
FD004,mcdropout,condnorm,-18.7066,-24.5173,-12.835,0.0,0.0202,-0.0511,0.0914,0.5804
FD004,mcdropout,anchored,-25.7287,-29.8681,-21.8074,0.0,0.1694,0.121,0.2204,0.0
FD004,mcdropout,anchored+adabn,-29.6471,-34.6042,-24.6101,0.0,0.1694,0.1048,0.2325,0.0
FD004,ensemble,adabn,-17.1097,-20.3909,-13.7896,0.0,0.3589,0.2903,0.4247,0.0
FD004,ensemble,condnorm,-20.9749,-27.0814,-14.8053,0.0,0.5108,0.4341,0.5834,0.0
FD004,ensemble,anchored,-30.6546,-34.8883,-26.5496,0.0,0.6062,0.543,0.668,0.0
FD004,ensemble,anchored+adabn,-32.3064,-37.8509,-26.6773,0.0,0.586,0.5215,0.6505,0.0
FD004,gp,adabn,4.9761,2.4926,7.3712,0.0,-0.6183,-0.6707,-0.5672,0.0
FD004,gp,condnorm,3.2187,0.2589,6.2806,0.0348,-0.328,-0.3777,-0.2796,0.0
FD004,gp,anchored,-7.6289,-9.3956,-5.8593,0.0,-0.1425,-0.1761,-0.1116,0.0
FD004,gp,anchored+adabn,-5.9516,-8.0062,-3.8508,0.0,-0.2151,-0.254,-0.1787,0.0
