seed,target,adaptation,uq,rmse,score,picp_gauss,picp_conformal,mpiw_conformal,nll,miscal
0,FD001,none,mcdropout,15.5148,627.6208,0.55,0.83,45.3222,5.4239,0.2522
0,FD001,none,ensemble,14.5921,303.4955,0.42,0.85,60.5716,27.6255,0.2967
0,FD001,none,gp,15.3758,581.4297,0.78,0.9,48.7854,4.3956,0.0711
0,FD001,adabn,mcdropout,19.9474,618.8898,0.52,0.79,49.2859,6.4955,0.2544
0,FD001,adabn,ensemble,24.7977,1029.1329,0.21,0.77,73.0156,34.4886,0.4067
0,FD001,adabn,gp,29.8988,4394.1163,0.57,0.73,71.7561,5.8312,0.2267
0,FD001,condnorm,mcdropout,30.2338,2022.2589,0.19,0.46,40.4604,18.8664,0.4244
0,FD001,condnorm,ensemble,36.7875,3780.9807,0.05,0.46,66.0405,180.4478,0.4889
0,FD001,condnorm,gp,36.2276,3919.5589,0.37,0.47,60.2352,8.7911,0.3389
0,FD001,anchored,mcdropout,15.304,512.577,0.53,0.87,45.3225,5.3183,0.2822
0,FD001,anchored,ensemble,15.6325,321.0721,0.39,0.88,64.2878,36.1684,0.3033
0,FD001,anchored,gp,15.4938,479.3814,0.73,0.89,48.5237,4.4565,0.0789
0,FD001,anchored+adabn,mcdropout,19.8016,603.9604,0.51,0.8,49.4214,6.4347,0.2622
0,FD001,anchored+adabn,ensemble,24.6982,1015.4131,0.25,0.78,75.3105,33.2535,0.4011
0,FD001,anchored+adabn,gp,30.9108,5806.3106,0.59,0.76,75.7371,5.8021,0.24
0,FD002,none,mcdropout,66.9069,5161053.0,0.2201,0.2239,3.7699,8953.0059,0.3106
0,FD002,none,ensemble,66.9058,5161052.0,0.2201,0.2587,8.2854,8952.9902,0.3111
0,FD002,none,gp,43.9648,80026.6647,0.7761,1.0,171.8074,5.2457,0.1375
0,FD002,adabn,mcdropout,53.377,1286729.25,0.2857,0.4517,55.1449,352.7925,0.3687
0,FD002,adabn,ensemble,47.3575,618079.4375,0.1158,0.5521,83.9896,607.6478,0.4429
0,FD002,adabn,gp,51.2744,1004876.0876,0.2819,0.3822,53.0282,14.8138,0.3623
0,FD002,condnorm,mcdropout,30.4928,5584.2622,0.3243,0.5367,45.829,15.2642,0.352
0,FD002,condnorm,ensemble,33.571,7349.96,0.251,0.722,118.1468,108.2448,0.3876
0,FD002,condnorm,gp,40.8171,41830.3546,0.4402,0.6332,81.5447,7.5556,0.3005
0,FD002,anchored,mcdropout,23.7133,8570.6309,0.4208,0.7375,48.6927,7.6112,0.3185
0,FD002,anchored,ensemble,22.7469,4461.9927,0.2896,0.8494,97.0198,30.6955,0.3726
0,FD002,anchored,gp,30.3611,28409.3567,0.6255,0.7992,73.2288,5.4335,0.1971
0,FD002,anchored+adabn,mcdropout,28.7915,31125.8066,0.4749,0.668,52.9969,13.7998,0.2786
0,FD002,anchored+adabn,ensemble,26.0225,8843.4307,0.3282,0.8417,102.6298,69.7292,0.3413
0,FD002,anchored+adabn,gp,36.5529,44757.8442,0.5598,0.7838,86.8369,5.6009,0.2375
0,FD003,none,mcdropout,46.2908,901502.75,0.43,0.71,48.7744,1286.7281,0.2856
0,FD003,none,ensemble,46.0066,977437.625,0.3,0.72,63.4142,2871.0637,0.3667
0,FD003,none,gp,31.3971,15832.1831,0.73,0.94,95.9464,4.7106,0.11
0,FD003,adabn,mcdropout,34.3177,33691.2188,0.42,0.69,64.1314,37.9083,0.2944
0,FD003,adabn,ensemble,26.9137,2490.7327,0.29,0.93,112.655,43.9522,0.3711
0,FD003,adabn,gp,36.0208,19454.2955,0.73,0.93,116.0853,5.1602,0.1389
0,FD003,condnorm,mcdropout,45.6081,650313.0,0.35,0.55,54.245,317.4197,0.3211
0,FD003,condnorm,ensemble,42.1023,139198.8438,0.17,0.8,124.5953,34.3863,0.44
0,FD003,condnorm,gp,41.1052,21691.3162,0.53,0.81,111.8502,6.2791,0.2378
0,FD003,anchored,mcdropout,48.429,887456.0625,0.42,0.59,48.9119,1078.6375,0.3033
0,FD003,anchored,ensemble,45.201,490426.9688,0.3,0.75,125.4507,140.4498,0.3456
0,FD003,anchored,gp,35.1067,19369.1797,0.69,0.97,113.0718,4.8601,0.1556
0,FD003,anchored+adabn,mcdropout,35.1691,46902.4609,0.44,0.68,64.5363,37.2047,0.2933
0,FD003,anchored+adabn,ensemble,27.0352,2613.3782,0.3,0.95,121.5034,42.5464,0.37
0,FD003,anchored+adabn,gp,36.082,19827.3103,0.73,0.93,120.5797,5.1495,0.1211
0,FD004,none,mcdropout,63.7055,3934767.0,0.2702,0.2782,4.4724,7926.2827,0.2832
0,FD004,none,ensemble,63.7939,4028362.25,0.2702,0.2863,8.2854,8139.5576,0.2832
0,FD004,none,gp,43.3034,63051.9697,0.8145,1.0,171.8074,5.2237,0.147
0,FD004,adabn,mcdropout,51.0146,937472.125,0.2823,0.4556,53.6613,339.4382,0.3553
0,FD004,adabn,ensemble,45.8664,469419.5625,0.1371,0.5927,92.253,469.5107,0.4373
0,FD004,adabn,gp,49.5597,811408.1078,0.3105,0.3992,52.8596,13.7124,0.3423
0,FD004,condnorm,mcdropout,42.6441,267649.4375,0.2661,0.4677,54.2026,20.8373,0.3701
0,FD004,condnorm,ensemble,42.4161,87045.2656,0.25,0.8226,136.0886,71.4664,0.3831
0,FD004,condnorm,gp,47.7811,70051.093,0.5282,0.7984,124.0412,7.873,0.2621
0,FD004,anchored,mcdropout,38.9353,600812.0,0.3911,0.6048,54.8706,135.6737,0.3333
0,FD004,anchored,ensemble,35.441,206596.3594,0.2782,0.871,124.5533,32.6348,0.3647
0,FD004,anchored,gp,40.92,58393.9023,0.6371,0.8992,127.2637,5.4547,0.2321
0,FD004,anchored+adabn,mcdropout,33.065,47250.1094,0.4032,0.6129,59.86,9.6705,0.2953
0,FD004,anchored+adabn,ensemble,31.2306,12220.2822,0.2661,0.8427,118.4858,52.0511,0.3992
0,FD004,anchored+adabn,gp,42.2409,61201.3641,0.6008,0.879,124.3512,5.7601,0.2415
1,FD001,none,mcdropout,14.5052,478.8407,0.57,0.9,46.1641,6.1542,0.2478
1,FD001,none,ensemble,14.1377,315.8108,0.37,0.91,74.0495,40.3181,0.3367
1,FD001,none,gp,14.3634,404.061,0.87,0.92,52.8511,4.1184,0.0211
1,FD001,adabn,mcdropout,24.8573,1148.538,0.3,0.68,48.983,15.037,0.3867
1,FD001,adabn,ensemble,27.8964,1429.756,0.09,0.81,100.7329,71.74,0.4722
1,FD001,adabn,gp,25.4914,1273.0603,0.64,0.71,61.3336,5.4796,0.1722
1,FD001,condnorm,mcdropout,35.1789,3572.8877,0.1,0.32,38.7603,56.6609,0.4622
1,FD001,condnorm,ensemble,39.1059,4810.4287,0.04,0.56,95.191,142.2144,0.4756
1,FD001,condnorm,gp,36.4088,4202.3088,0.43,0.51,57.6977,7.6044,0.3256
1,FD001,anchored,mcdropout,16.2282,457.2188,0.52,0.9,45.4421,8.0981,0.2656
1,FD001,anchored,ensemble,17.0879,402.4223,0.25,0.88,73.9122,34.3033,0.3789
1,FD001,anchored,gp,16.0242,394.0116,0.79,0.87,53.0271,4.2828,0.0433
1,FD001,anchored+adabn,mcdropout,24.9231,1153.6182,0.3,0.68,49.1348,14.9744,0.3867
1,FD001,anchored+adabn,ensemble,27.9343,1438.5387,0.09,0.77,98.5977,70.0722,0.4722
1,FD001,anchored+adabn,gp,25.7395,1296.3291,0.62,0.7,61.9435,5.5275,0.1711
1,FD002,none,mcdropout,66.9058,5161052.0,0.2201,0.2278,4.1401,8952.9902,0.3111
1,FD002,none,ensemble,66.9058,5161052.0,0.2201,0.2664,11.895,8952.9902,0.3111
1,FD002,none,gp,43.3705,58317.2807,1.0,1.0,255.0586,5.2747,0.0784
1,FD002,adabn,mcdropout,49.4172,927899.6875,0.2471,0.4903,62.3872,384.7397,0.3837
1,FD002,adabn,ensemble,46.9302,707273.0,0.0965,0.6448,99.4925,791.6592,0.4541
1,FD002,adabn,gp,48.4851,932242.4336,0.3591,0.4286,55.0289,10.4776,0.3305
1,FD002,condnorm,mcdropout,30.3918,5580.3135,0.2085,0.5212,45.3843,32.054,0.4125
1,FD002,condnorm,ensemble,34.2622,7849.917,0.1853,0.8147,121.2107,142.8309,0.4116
1,FD002,condnorm,gp,33.1396,7286.289,0.5019,0.5907,61.5235,6.6818,0.2387
1,FD002,anchored,mcdropout,23.1707,10004.6953,0.4131,0.7529,51.0019,12.3304,0.3245
1,FD002,anchored,ensemble,22.4913,4140.8267,0.2703,0.9305,119.9198,22.6447,0.3829
1,FD002,anchored,gp,24.4673,10166.1628,0.7181,0.8263,68.4156,5.0272,0.1276
1,FD002,anchored+adabn,mcdropout,24.2429,8716.0342,0.3977,0.7452,56.1138,35.8438,0.3396
1,FD002,anchored+adabn,ensemble,24.1309,4681.4712,0.2896,0.8919,119.3074,77.607,0.3747
1,FD002,anchored+adabn,gp,25.5231,9167.0502,0.6216,0.7297,63.5418,5.2375,0.165
1,FD003,none,mcdropout,48.6519,929053.1875,0.39,0.61,41.9256,1223.6932,0.3022
1,FD003,none,ensemble,36.0626,59526.9492,0.32,0.94,195.4967,19.5318,0.3278
1,FD003,none,gp,30.6734,11523.3094,0.9,0.96,130.5447,4.5863,0.0178
1,FD003,adabn,mcdropout,28.1824,2949.1885,0.32,0.63,57.7193,12.8978,0.36
1,FD003,adabn,ensemble,26.418,1386.517,0.27,0.98,150.7778,45.912,0.3667
1,FD003,adabn,gp,32.9886,12015.059,0.75,0.8,98.9017,5.1801,0.1356
1,FD003,condnorm,mcdropout,39.1495,24571.7266,0.19,0.51,56.244,39.743,0.4156
1,FD003,condnorm,ensemble,36.1956,5024.6367,0.19,0.76,176.5895,159.8648,0.4422
1,FD003,condnorm,gp,37.6911,12953.018,0.59,0.66,102.2376,6.2644,0.2222
1,FD003,anchored,mcdropout,45.9917,477112.5938,0.27,0.6,51.2455,34.7363,0.3422
1,FD003,anchored,ensemble,34.6226,27688.3184,0.3,0.92,193.1005,29.0449,0.3844
1,FD003,anchored,gp,30.9439,12483.8989,0.89,0.93,120.0145,4.7514,0.0378
1,FD003,anchored+adabn,mcdropout,28.075,2863.3989,0.32,0.63,57.7691,12.8175,0.3589
1,FD003,anchored+adabn,ensemble,26.375,1381.9412,0.28,0.97,148.0347,45.0448,0.3644
1,FD003,anchored+adabn,gp,33.3179,12204.2988,0.75,0.8,100.8773,5.2084,0.1356
1,FD004,none,mcdropout,63.7939,4028362.25,0.2702,0.2823,4.1401,8139.5576,0.2832
1,FD004,none,ensemble,63.7939,4028362.25,0.2702,0.2984,11.895,8139.5576,0.2832
1,FD004,none,gp,43.0246,46294.358,1.0,1.0,255.0586,5.2705,0.0923
1,FD004,adabn,mcdropout,49.0032,635169.625,0.2218,0.4395,60.8691,278.6307,0.3987
1,FD004,adabn,ensemble,46.1519,473533.6875,0.129,0.621,98.7484,589.1425,0.4431
1,FD004,adabn,gp,48.3039,645943.4792,0.2944,0.3589,55.1119,10.3505,0.345
1,FD004,condnorm,mcdropout,41.2201,44821.7812,0.2298,0.5121,53.4976,63.2417,0.4126
1,FD004,condnorm,ensemble,40.864,21441.5059,0.2218,0.8226,184.1862,54.3214,0.4095
1,FD004,condnorm,gp,43.3213,38182.3363,0.5968,0.6613,102.5008,7.5857,0.2088
1,FD004,anchored,mcdropout,41.705,627939.625,0.3508,0.5605,52.3932,21.4103,0.3226
1,FD004,anchored,ensemble,31.2843,22032.9121,0.3105,0.9153,199.4101,52.2602,0.3678
1,FD004,anchored,gp,33.4616,26784.3142,0.7742,0.8387,123.6985,5.3296,0.0705
1,FD004,anchored+adabn,mcdropout,31.4746,10242.4434,0.3105,0.629,60.6086,15.3294,0.3665
1,FD004,anchored+adabn,ensemble,30.141,6225.1963,0.2742,0.9355,180.023,18.3056,0.3875
1,FD004,anchored+adabn,gp,35.1367,22374.8134,0.6573,0.7581,96.7993,5.7204,0.1855
2,FD001,none,mcdropout,15.4811,456.2106,0.59,0.86,50.0461,7.635,0.1722
2,FD001,none,ensemble,14.6202,306.8907,0.36,0.92,74.3646,33.2219,0.3067
2,FD001,none,gp,14.646,382.6275,0.78,0.89,54.5304,4.2146,0.04
2,FD001,adabn,mcdropout,27.0914,1474.2511,0.23,0.56,46.9931,15.7412,0.4178
2,FD001,adabn,ensemble,26.7711,1360.9625,0.14,0.89,100.3034,30.5394,0.4222
2,FD001,adabn,gp,25.8623,1133.112,0.55,0.72,59.5136,5.9485,0.2311
2,FD001,condnorm,mcdropout,44.072,9745.7832,0.09,0.17,33.9627,102.3622,0.4511
2,FD001,condnorm,ensemble,41.9048,6800.4204,0.05,0.73,101.5967,112.1435,0.47
2,FD001,condnorm,gp,42.52,7291.5149,0.35,0.46,62.6955,10.3532,0.3244
2,FD001,anchored,mcdropout,17.8779,513.5392,0.45,0.79,48.1776,9.0204,0.3
2,FD001,anchored,ensemble,17.9634,463.8047,0.27,0.84,69.4674,48.8373,0.4089
2,FD001,anchored,gp,16.6592,404.025,0.79,0.88,55.1345,4.4826,0.0667
2,FD001,anchored+adabn,mcdropout,27.3147,1504.8182,0.22,0.54,46.786,16.3123,0.4233
2,FD001,anchored+adabn,ensemble,28.5468,1669.571,0.13,0.87,105.7831,39.1269,0.4367
2,FD001,anchored+adabn,gp,26.242,1183.3158,0.55,0.71,59.9894,6.0393,0.2278
2,FD002,none,mcdropout,59.8692,2406641.5,0.556,0.7761,215.7344,1667.8817,0.1521
2,FD002,none,ensemble,65.3957,4666339.5,0.2625,0.3166,79.3349,8174.604,0.2948
2,FD002,none,gp,43.6746,69600.1131,1.0,1.0,277.1384,5.2534,0.0702
2,FD002,adabn,mcdropout,48.6757,676423.625,0.2587,0.5212,69.2338,64.0033,0.3764
2,FD002,adabn,ensemble,48.6364,747170.125,0.2239,0.7915,152.1236,629.9659,0.3992
2,FD002,adabn,gp,48.142,676205.3655,0.2625,0.4093,55.2698,12.3633,0.358
2,FD002,condnorm,mcdropout,41.82,19440.1719,0.1236,0.2432,38.9679,68.0614,0.4468
2,FD002,condnorm,ensemble,37.9234,12079.8184,0.2625,0.8958,194.2785,49.3575,0.3855
2,FD002,condnorm,gp,44.0354,25711.1927,0.39,0.529,81.515,9.4583,0.2992
2,FD002,anchored,mcdropout,23.4475,2744.6113,0.2973,0.6178,47.7019,19.9294,0.3726
2,FD002,anchored,ensemble,22.6966,2584.8706,0.305,0.9112,132.7142,21.7684,0.376
2,FD002,anchored,gp,28.3477,10305.7583,0.6216,0.8108,81.4981,5.5415,0.1997
2,FD002,anchored+adabn,mcdropout,22.8109,3168.5493,0.444,0.749,50.1133,43.1475,0.3108
2,FD002,anchored+adabn,ensemble,23.5184,3192.9609,0.4208,0.9344,159.2152,36.7607,0.3305
2,FD002,anchored+adabn,gp,25.1325,5140.9635,0.6602,0.834,72.5507,5.1041,0.1444
2,FD003,none,mcdropout,41.9446,189546.625,0.44,0.67,62.8789,15.468,0.29
2,FD003,none,ensemble,45.8014,457302.625,0.29,0.84,105.874,68.0111,0.3544
2,FD003,none,gp,32.9927,16393.4231,0.8,0.91,114.6795,4.7032,0.0589
2,FD003,adabn,mcdropout,28.3974,2078.2732,0.39,0.58,49.4732,16.4064,0.3422
2,FD003,adabn,ensemble,27.754,2254.8196,0.44,0.92,215.2924,42.8276,0.2667
2,FD003,adabn,gp,29.3584,2529.5779,0.57,0.75,82.9601,5.6673,0.1856
2,FD003,condnorm,mcdropout,38.4135,6678.0396,0.22,0.42,48.909,48.8384,0.3989
2,FD003,condnorm,ensemble,40.2326,18090.9512,0.21,0.89,204.6902,38.9257,0.4133
2,FD003,condnorm,gp,39.5668,9881.2886,0.53,0.64,102.3646,7.4545,0.2433
2,FD003,anchored,mcdropout,30.9309,8343.6709,0.38,0.71,58.9809,27.3079,0.3411
2,FD003,anchored,ensemble,41.0384,119402.6172,0.22,0.97,192.7942,15.2495,0.4089
2,FD003,anchored,gp,33.8572,16036.0077,0.74,0.9,106.7514,5.0544,0.1378
2,FD003,anchored+adabn,mcdropout,28.5293,2211.7922,0.38,0.58,48.3176,17.9044,0.3389
2,FD003,anchored+adabn,ensemble,28.4545,2219.927,0.48,0.96,215.0195,40.891,0.2789
2,FD003,anchored+adabn,gp,29.3629,2401.0344,0.6,0.75,83.1853,5.7583,0.18
2,FD004,none,mcdropout,57.9067,1957487.5,0.5645,0.7944,204.1617,1733.181,0.1274
2,FD004,none,ensemble,62.9374,3741978.75,0.3105,0.3427,83.9484,7655.4204,0.2631
2,FD004,none,gp,43.1499,54989.7844,1.0,1.0,277.1384,5.2463,0.0883
2,FD004,adabn,mcdropout,46.9182,472930.8125,0.2258,0.5202,69.8815,120.1881,0.4068
2,FD004,adabn,ensemble,47.1716,514115.2188,0.2016,0.7903,158.0263,424.2596,0.4153
2,FD004,adabn,gp,46.4938,463791.4684,0.25,0.3871,55.3362,11.7278,0.3763
2,FD004,condnorm,mcdropout,45.4963,36942.0391,0.1895,0.4355,47.1955,68.8843,0.4131
2,FD004,condnorm,ensemble,44.2564,31102.3281,0.3306,0.8145,228.6284,82.3034,0.3396
2,FD004,condnorm,gp,47.8855,46305.1287,0.4637,0.5565,100.2242,9.7162,0.2652
2,FD004,anchored,mcdropout,25.7271,4144.1494,0.3508,0.6976,58.3424,14.0836,0.3401
2,FD004,anchored,ensemble,31.6796,33557.9844,0.3589,0.9597,218.9651,20.3027,0.3553
2,FD004,anchored,gp,31.514,18617.9103,0.7056,0.8347,114.7761,5.5346,0.134
2,FD004,anchored+adabn,mcdropout,32.0895,7844.043,0.3548,0.621,48.7621,20.0324,0.3432
2,FD004,anchored+adabn,ensemble,32.2042,7612.3115,0.4274,0.9073,200.6387,26.1228,0.3181
2,FD004,anchored+adabn,gp,33.6805,9678.3392,0.5766,0.7177,83.121,6.799,0.1729
